SIZE, BASE_RES_MEAN, BASE_RES_STD, OPT_RES_MEAN, OPT_RES_STD
128,0.0025592645009358725, 2.397210255570114e-05, 0.022657076517740887, 0.00041769997582833746
256,0.03229626019795736, 0.002296715648397338, 0.14052248001098633, 0.00644813942759885
512,0.29090237617492676, 0.010825264879737131, 0.8077449003855387, 0.05929260395191219
768,0.7228153546651205, 0.005825316177214277, 5.035370588302612, 0.13968032696156304
1024,3.210579792658488, 0.2419787571343038, 6.252749125162761, 0.20374254934893038
1280,5.255072434743245, 0.2253754397635689, 35.32767995198568, 1.2355075558364994
2048,63.89473628997803, 2.485407057783972, 38.16878366470337, 1.5609070271872614
